{"loss": [2.5359046459198, 2.278352975845337, 2.143392562866211, 2.0627212524414062, 1.980344295501709, 1.9209873676300049, 1.8783094882965088, 1.8258877992630005, 1.8096634149551392, 1.7450172901153564, 1.7275238037109375, 1.6273289918899536, 1.5758951902389526, 1.5471354722976685, 1.5277361869812012, 1.4948300123214722, 1.491143822669983, 1.423791527748108, 1.3791210651397705, 1.3694252967834473], "accuracy": [0.18203124403953552, 0.24406249821186066, 0.27640625834465027, 0.2996875047683716, 0.31593748927116394, 0.3412500023841858, 0.34578123688697815, 0.3799999952316284, 0.37984374165534973, 0.3982812464237213, 0.4060937464237213, 0.4515624940395355, 0.4699999988079071, 0.47843751311302185, 0.4829687476158142, 0.4964062571525574, 0.4945312440395355, 0.5199999809265137, 0.5389062762260437, 0.5435937643051147], "val_loss": [2.628253698348999, 2.176666021347046, 2.424074172973633, 2.0371055603027344, 1.9102839231491089, 1.9010634422302246, 1.9211384057998657, 1.7949306964874268, 1.9105305671691895, 2.1959333419799805, 1.824164867401123, 1.768381953239441, 1.6644119024276733, 1.6269432306289673, 1.7225539684295654, 1.8879380226135254, 1.8858903646469116, 1.3903913497924805, 1.4034239053726196, 1.4601235389709473], "val_accuracy": [0.16625000536441803, 0.27562499046325684, 0.18437500298023224, 0.29124999046325684, 0.35249999165534973, 0.3425000011920929, 0.32249999046325684, 0.38624998927116394, 0.3543750047683716, 0.2643750011920929, 0.39750000834465027, 0.39750000834465027, 0.4568749964237213, 0.4581249952316284, 0.40187498927116394, 0.38062500953674316, 0.390625, 0.5249999761581421, 0.515625, 0.5], "lr": [0.0010000000474974513, 0.0010000000474974513, 0.0010000000474974513, 0.0010000000474974513, 0.0010000000474974513, 0.0010000000474974513, 0.0010000000474974513, 0.0010000000474974513, 0.0010000000474974513, 0.0010000000474974513, 0.0010000000474974513, 0.0005000000237487257, 0.0005000000237487257, 0.0005000000237487257, 0.0005000000237487257, 0.0005000000237487257, 0.0005000000237487257, 0.0002500000118743628, 0.0002500000118743628, 0.0002500000118743628]}