{"loss": [1.2260656356811523, 1.2177191972732544, 1.1956801414489746, 1.1874918937683105, 1.1753684282302856, 1.1711689233779907, 1.1715686321258545, 1.161231517791748, 1.1655117273330688, 1.1394124031066895, 1.1372079849243164, 1.1304866075515747, 1.1306997537612915, 1.1236878633499146, 1.1332294940948486, 1.1237627267837524, 1.1217715740203857, 1.1165626049041748, 1.1071593761444092, 1.1168910264968872], "accuracy": [0.5993750095367432, 0.5931249856948853, 0.6103125214576721, 0.6135937571525574, 0.6195312738418579, 0.6195312738418579, 0.62109375, 0.6251562237739563, 0.6207812428474426, 0.6299999952316284, 0.6314062476158142, 0.632031261920929, 0.6315624713897705, 0.6329687237739563, 0.6329687237739563, 0.6368749737739563, 0.6356250047683716, 0.6399999856948853, 0.6392187476158142, 0.6342187523841858], "val_loss": [1.1745151281356812, 1.192493200302124, 1.1729271411895752, 1.1618812084197998, 1.1572092771530151, 1.1548206806182861, 1.1691912412643433, 1.174770474433899, 1.1651853322982788, 1.1181325912475586, 1.1214524507522583, 1.1228015422821045, 1.1265559196472168, 1.1121493577957153, 1.1060707569122314, 1.1126118898391724, 1.1133230924606323, 1.108235239982605, 1.1040031909942627, 1.101138710975647], "val_accuracy": [0.6256250143051147, 0.6106250286102295, 0.6262500286102295, 0.6331250071525574, 0.6324999928474426, 0.6331250071525574, 0.6268749833106995, 0.6256250143051147, 0.6318749785423279, 0.6331250071525574, 0.6449999809265137, 0.640625, 0.6318749785423279, 0.6468750238418579, 0.6468750238418579, 0.6443750262260437, 0.6456249952316284, 0.6506249904632568, 0.6418750286102295, 0.6456249952316284], "lr": [6.25000029685907e-05, 6.25000029685907e-05, 6.25000029685907e-05, 6.25000029685907e-05, 6.25000029685907e-05, 6.25000029685907e-05, 6.25000029685907e-05, 6.25000029685907e-05, 6.25000029685907e-05, 3.125000148429535e-05, 3.125000148429535e-05, 3.125000148429535e-05, 3.125000148429535e-05, 1.5625000742147677e-05, 1.5625000742147677e-05, 1.5625000742147677e-05, 1.5625000742147677e-05, 1.5625000742147677e-05, 7.812500371073838e-06, 7.812500371073838e-06]}