{"loss": [1.6610631942749023, 1.5957612991333008, 1.5722025632858276, 1.5536962747573853, 1.5571377277374268, 1.5417560338974, 1.5358237028121948, 1.5204710960388184, 1.5111411809921265, 1.5071563720703125, 1.5205105543136597, 1.5108741521835327, 1.5173872709274292, 1.5034376382827759, 1.5101280212402344, 1.5112513303756714, 1.4993467330932617, 1.500826358795166, 1.5003607273101807, 1.5068897008895874], "accuracy": [0.4426562488079071, 0.4584375023841858, 0.4728125035762787, 0.4753125011920929, 0.48124998807907104, 0.4859375059604645, 0.48609375953674316, 0.49671876430511475, 0.49921876192092896, 0.4996874928474426, 0.49609375, 0.4976562559604645, 0.49703124165534973, 0.49781250953674316, 0.5009375214576721, 0.49281251430511475, 0.49953123927116394, 0.500781238079071, 0.5053125023841858, 0.4973437488079071], "val_loss": [1.5901238918304443, 1.5568524599075317, 1.5384312868118286, 1.5281732082366943, 1.5191035270690918, 1.5111252069473267, 1.5072299242019653, 1.4988861083984375, 1.497413158416748, 1.4915930032730103, 1.4881691932678223, 1.482371211051941, 1.4787613153457642, 1.4812376499176025, 1.4765969514846802, 1.4732459783554077, 1.4693260192871094, 1.467445969581604, 1.475356936454773, 1.4664229154586792], "val_accuracy": [0.4625000059604645, 0.47187501192092896, 0.4806250035762787, 0.4881249964237213, 0.4925000071525574, 0.49687498807907104, 0.4893749952316284, 0.503125011920929, 0.5024999976158142, 0.503125011920929, 0.5081250071525574, 0.5099999904632568, 0.5162500143051147, 0.5093749761581421, 0.512499988079071, 0.5162500143051147, 0.5193750262260437, 0.5143749713897705, 0.515625, 0.5181249976158142], "lr": [1.9531250927684596e-06, 1.9531250927684596e-06, 1.9531250927684596e-06, 1.9531250927684596e-06, 1.9531250927684596e-06, 1.9531250927684596e-06, 1.9531250927684596e-06, 1.9531250927684596e-06, 1.9531250927684596e-06, 1.9531250927684596e-06, 1.9531250927684596e-06, 1.9531250927684596e-06, 1.9531250927684596e-06, 1.9531250927684596e-06, 1.9531250927684596e-06, 1.9531250927684596e-06, 1.9531250927684596e-06, 1.9531250927684596e-06, 1.9531250927684596e-06, 1.9531250927684596e-06]}