{"loss": [1.1358327865600586, 1.1097129583358765, 1.0978107452392578, 1.105541706085205, 1.0979408025741577, 1.0921109914779663, 1.079380750656128, 1.0895622968673706, 1.0845441818237305, 1.0816115140914917, 1.0792125463485718, 1.0875701904296875, 1.0929672718048096, 1.073482871055603, 1.0767511129379272, 1.0785950422286987, 1.0741753578186035, 1.0724363327026367, 1.071643590927124, 1.0702091455459595], "accuracy": [0.6259375214576721, 0.6373437643051147, 0.6373437643051147, 0.6442187428474426, 0.6370312571525574, 0.637499988079071, 0.645312488079071, 0.6420312523841858, 0.6528124809265137, 0.6446874737739563, 0.6495312452316284, 0.6460937261581421, 0.6415625214576721, 0.6503124833106995, 0.6521875262260437, 0.6490625143051147, 0.6565625071525574, 0.6520312428474426, 0.6553124785423279, 0.6556249856948853], "val_loss": [1.1334015130996704, 1.1026283502578735, 1.0987927913665771, 1.0912587642669678, 1.0964797735214233, 1.0902807712554932, 1.0871977806091309, 1.08639395236969, 1.0920462608337402, 1.0917569398880005, 1.081852912902832, 1.0874534845352173, 1.081863522529602, 1.0885976552963257, 1.0827983617782593, 1.0823180675506592, 1.0833548307418823, 1.081592082977295, 1.08338463306427, 1.0811330080032349], "val_accuracy": [0.6237499713897705, 0.6381250023841858, 0.6387500166893005, 0.6443750262260437, 0.6481249928474426, 0.6481249928474426, 0.6468750238418579, 0.6487500071525574, 0.6524999737739563, 0.6456249952316284, 0.6512500047683716, 0.6537500023841858, 0.6518750190734863, 0.6499999761581421, 0.6556249856948853, 0.6524999737739563, 0.6556249856948853, 0.6537500023841858, 0.6512500047683716, 0.6512500047683716], "lr": [7.812500371073838e-06, 7.812500371073838e-06, 7.812500371073838e-06, 7.812500371073838e-06, 7.812500371073838e-06, 7.812500371073838e-06, 7.812500371073838e-06, 7.812500371073838e-06, 7.812500371073838e-06, 7.812500371073838e-06, 7.812500371073838e-06, 7.812500371073838e-06, 7.812500371073838e-06, 7.812500371073838e-06, 3.906250185536919e-06, 3.906250185536919e-06, 3.906250185536919e-06, 1.9531250927684596e-06, 1.9531250927684596e-06, 1.9531250927684596e-06]}