{"loss": [1.3677030801773071, 1.3495361804962158, 1.3295373916625977, 1.3040105104446411, 1.303784966468811, 1.2940694093704224, 1.277262806892395, 1.2893098592758179, 1.2844172716140747, 1.2605781555175781, 1.2160435914993286, 1.2067779302597046, 1.199506163597107, 1.1915626525878906, 1.1852930784225464, 1.1787915229797363, 1.162692666053772, 1.1766937971115112, 1.1427428722381592, 1.1356245279312134], "accuracy": [0.5440624952316284, 0.5495312213897705, 0.5535937547683716, 0.5651562213897705, 0.5631250143051147, 0.5689062476158142, 0.571093738079071, 0.5764062404632568, 0.5770312547683716, 0.581250011920929, 0.6042187213897705, 0.60546875, 0.6090624928474426, 0.6032812595367432, 0.6114062666893005, 0.61328125, 0.6220312714576721, 0.6193749904632568, 0.6260937452316284, 0.6292187571525574], "val_loss": [1.4450628757476807, 1.3745112419128418, 1.34209406375885, 1.5656567811965942, 1.3815209865570068, 1.3287858963012695, 1.2597135305404663, 1.4831886291503906, 1.3292651176452637, 1.3264368772506714, 1.3256968259811401, 1.2358736991882324, 1.2078917026519775, 1.252282738685608, 1.182196855545044, 1.2151672840118408, 1.286580204963684, 1.2501497268676758, 1.1559741497039795, 1.1954820156097412], "val_accuracy": [0.5087500214576721, 0.5381249785423279, 0.5481250286102295, 0.47437500953674316, 0.5531250238418579, 0.5550000071525574, 0.5718749761581421, 0.5212500095367432, 0.5556250214576721, 0.5506250262260437, 0.5381249785423279, 0.5881249904632568, 0.5931249856948853, 0.581250011920929, 0.6200000047683716, 0.5962499976158142, 0.5806249976158142, 0.5924999713897705, 0.6293749809265137, 0.6068750023841858], "lr": [0.0002500000118743628, 0.0002500000118743628, 0.0002500000118743628, 0.0002500000118743628, 0.0002500000118743628, 0.0002500000118743628, 0.0002500000118743628, 0.0002500000118743628, 0.0002500000118743628, 0.0002500000118743628, 0.0001250000059371814, 0.0001250000059371814, 0.0001250000059371814, 0.0001250000059371814, 0.0001250000059371814, 0.0001250000059371814, 0.0001250000059371814, 0.0001250000059371814, 6.25000029685907e-05, 6.25000029685907e-05]}